{
  "Python Embedded": {
    "latency_ns": 17862419.50507786,
    "latency_p50": 16090178,
    "latency_p90": 22620968,
    "latency_p95": 26756563,
    "latency_p99": 50267130,
    "latency_min": 13542681,
    "latency_max": 151786692,
    "latency_std": 6790726.834051873,
    "accuracy": 0.9241706161137441,
    "precision": 1.0,
    "recall": 0.9241706161137441,
    "f1": 0.960591133004926,
    "fpr": 0.0,
    "confusion": {
      "TP": 1365,
      "TN": 0,
      "FP": 0,
      "FN": 112
    },
    "peak_ram_mb": 671.609375,
    "avg_cpu_pct": 20.497804391217564,
    "measurement": "pipe.predict([seq]) only \u2014 model pre-loaded, no import overhead"
  },
  "C Interface": {
    "latency_ns": 35.0,
    "latency_p50": 35.0,
    "latency_p90": 39.0,
    "latency_p95": 39.0,
    "latency_p99": 44.0,
    "latency_min": 30.0,
    "latency_max": 44.0,
    "latency_std": 4.5,
    "accuracy": 0.920108327691266,
    "precision": 1.0,
    "recall": 0.920108327691266,
    "f1": 0.9583921015514809,
    "fpr": 0.0,
    "confusion": {
      "TP": 1359,
      "TN": 0,
      "FP": 0,
      "FN": 118
    },
    "peak_ram_mb": 0.5,
    "avg_cpu_pct": 0.0,
    "kernel_runs_ns": [
      44.0,
      39.0,
      37.0,
      35.0,
      35.0,
      33.0,
      31.0,
      31.0,
      30.0
    ],
    "errors": 0,
    "measurement": "Timing = C internal clock via --quick (median of 9 runs, 100k random quantised vectors). Accuracy = full C pipeline (--text) passing seq via STDIN."
  }
}